<?xml version="1.0" encoding="UTF-8"?>
<!DOCTYPE codetemplates PUBLIC "-//NetBeans//DTD Editor Code Templates settings 1.0//EN" "http://www.netbeans.org/dtds/EditorCodeTemplates-1_0.dtd">
<codetemplates>
    <codetemplate abbreviation="msg" xml:space="preserve">
        <code><![CDATA[<p class="text-muted">...</p>
<p class="text-primary">...</p>
<p class="text-success">...</p>
<p class="text-info">...</p>
<p class="text-warning">...</p>
<p class="text-danger">...</p>]]></code>
    </codetemplate>
    <codetemplate abbreviation="hform" xml:space="preserve">
        <code><![CDATA[<form class="form-horizontal">
    <span class="mando-msg">* fields are mandatory</span>
  <div class="form-group">
    <label for="inputEmail3" class="col-sm-2 control-label">Email</label>
    <div class="col-sm-10">
      <input type="email" class="form-control" id="inputEmail3" placeholder="Email">
    </div>
  </div>
  <div class="form-group">
    <label for="inputPassword3" class="col-sm-2 control-label">Password</label>
    <div class="col-sm-10">
      <input type="password" class="form-control" id="inputPassword3" placeholder="Password">
    </div>
  </div>
  <div class="form-group">
    <div class="col-sm-offset-2 col-sm-10">
      <div class="checkbox">
        <label>
          <input type="checkbox"> Remember me
        </label>
      </div>
    </div>
  </div>
  <div class="form-group">
    <div class="col-sm-offset-2 col-sm-10">
      <button type="submit" class="btn btn-default">Sign in</button>
    </div>
  </div>
</form>]]></code>
    </codetemplate>
    <codetemplate abbreviation="formhori" xml:space="preserve">
        <code><![CDATA[<form class="form-horizontal">
  <div class="form-group">
    <label for="inputEmail3" class="col-sm-2 control-label">Email</label>
    <div class="col-sm-10">
      <input type="email" class="form-control" id="inputEmail3" placeholder="Email">
    </div>
  </div>
  <div class="form-group">
    <label for="inputPassword3" class="col-sm-2 control-label">Password</label>
    <div class="col-sm-10">
      <input type="password" class="form-control" id="inputPassword3" placeholder="Password">
    </div>
  </div>
  <div class="form-group">
    <div class="col-sm-offset-2 col-sm-10">
      <div class="checkbox">
        <label>
          <input type="checkbox"> Remember me
        </label>
      </div>
    </div>
  </div>
  <div class="form-group">
    <div class="col-sm-offset-2 col-sm-10">
      <button type="submit" class="btn btn-default">Sign in</button>
    </div>
  </div>
</form>]]></code>
    </codetemplate>
    <codetemplate abbreviation="formbasic" xml:space="preserve">
        <code><![CDATA[<form>
  <div class="form-group">
    <label for="exampleInputEmail1">Email address</label>
    <input type="email" class="form-control" id="exampleInputEmail1" placeholder="Email">
  </div>
  <div class="form-group">
    <label for="exampleInputPassword1">Password</label>
    <input type="password" class="form-control" id="exampleInputPassword1" placeholder="Password">
  </div>
  <div class="form-group">
    <label for="exampleInputFile">File input</label>
    <input type="file" id="exampleInputFile">
    <p class="help-block">Example block-level help text here.</p>
  </div>
  <div class="checkbox">
    <label>
      <input type="checkbox"> Check me out
    </label>
  </div>
  <button type="submit" class="btn btn-default">Submit</button>
</form>]]></code>
    </codetemplate>
    <codetemplate abbreviation="jsbarcode" xml:space="preserve">
        <code><![CDATA[<!--barcode-->
        <script type="text/javascript" src="js/JsBarcode.all.min.js"></script>
        
         <svg class="barcode"
                     jsbarcode-format="upc"
                     jsbarcode-value="<?= $row['bcn'] ?>"
                     jsbarcode-textmargin="0"
                     jsbarcode-fontoptions="bold">
                </svg>
                
    <script type="text/javascript">
            $(document).ready(function () {
                JsBarcode(".barcode").init();
            });
    </script>]]></code>
    </codetemplate>
    <codetemplate abbreviation="pecho" xml:space="preserve">
        <code><![CDATA[<?php echo ?>]]></code>
    </codetemplate>
    <codetemplate abbreviation="cibase" xml:space="preserve">
        <code><![CDATA[<?= base_url('')?>]]></code>
    </codetemplate>
    <codetemplate abbreviation="bform" xml:space="preserve">
        <code><![CDATA[<form>
    <span class="mando-msg">* fields are mandatory</span>
     <span class="mando-msg">* fields are mandatory</span>
  <div class="form-group">
    <label for="exampleInputEmail1">Email address</label>
    <input type="email" class="form-control" id="exampleInputEmail1" placeholder="Email">
  </div>
  <div class="form-group">
    <label for="exampleInputPassword1">Password</label>
    <input type="password" class="form-control" id="exampleInputPassword1" placeholder="Password">
  </div>
  <div class="form-group">
    <label for="exampleInputFile">File input</label>
    <input type="file" id="exampleInputFile">
    <p class="help-block">Example block-level help text here.</p>
  </div>
  <div class="checkbox">
    <label>
      <input type="checkbox"> Check me out
    </label>
  </div>
  <button type="submit" class="btn btn-default">Submit</button>
</form>]]></code>
    </codetemplate>
    <codetemplate abbreviation="grid" xml:space="preserve">
        <code><![CDATA[<div class="row">
  <div class="col-md-8">.col-md-8</div>
  <div class="col-md-4">.col-md-4</div>
</div>]]></code>
    </codetemplate>
    <codetemplate abbreviation="highchart" xml:space="preserve">
        <code><![CDATA[<script src="https://code.highcharts.com/highcharts.js"></script>
    <script src="https://code.highcharts.com/modules/exporting.js"></script>
    <script src="https://code.highcharts.com/modules/export-data.js"></script>

    <div id="container" style="min-width: 310px; height: 400px; max-width: 600px; margin: 0 auto"></div>


    <script>


            Highcharts.chart('container', {
                chart: {
                    plotBackgroundColor: null,
                    plotBorderWidth: null,
                    plotShadow: false,
                    type: 'pie'
                },
                title: {
                    text: 'Browser market shares in January, 2018'
                },
                tooltip: {
                    pointFormat: '{series.name}: <b>{point.percentage:.1f}%</b>'
                },
                plotOptions: {
                    pie: {
                        allowPointSelect: true,
                        cursor: 'pointer',
                        dataLabels: {
                            enabled: true,
                            format: '<b>{point.name}</b>: {point.percentage:.1f} %',
                            style: {
                                color: (Highcharts.theme && Highcharts.theme.contrastTextColor) || 'black'
                            }
                        }
                    }
                },
                series: [{
                        name: 'Brands',
                        colorByPoint: true,
                        data: [{
                                name: 'Chrome',
                                y: 61.41,
                                sliced: true,
                                selected: true
                            }, {
                                name: 'Internet Explorer',
                                y: 11.84
                            }, {
                                name: 'Firefox',
                                y: 10.85
                            }, {
                                name: 'Edge',
                                y: 4.67
                            }, {
                                name: 'Safari',
                                y: 4.18
                            }, {
                                name: 'Sogou Explorer',
                                y: 1.64
                            }, {
                                name: 'Opera',
                                y: 1.6
                            }, {
                                name: 'QQ',
                                y: 1.2
                            }, {
                                name: 'Other',
                                y: 2.61
                            }]
                    }]
            });
    </script>]]></code>
    </codetemplate>
    <codetemplate abbreviation="panel" xml:space="preserve">
        <code><![CDATA[<div class="panel panel-primary">
                <div class="panel-heading ">Member Registration</div>
                <div class="panel-body">
</div>
</div>]]></code>
    </codetemplate>
    <codetemplate abbreviation="btn" xml:space="preserve">
        <code><![CDATA[ <button type="submit" name="btnLogin" class="btn btn-primary">Login</button>
]]></code>
    </codetemplate>
    <codetemplate abbreviation="jqtable" xml:space="preserve">
        <code><![CDATA[
<table id="example" class="display" cellspacing="0" width="100%">
                        <thead>
                            <tr>
                                <th>Item Name</th>
                                <th>Category</th>
                                <th>Price</th>
                                <th>Qty</th>
                                <th></th>
                                <th></th>
                            </tr>
                        </thead>
                        <tbody>
                            <?php
                            include './DB.php';
                            $sql = " SELECT * FROM aura_item ";
                            $resultx = getData($sql);
                            if ($resultx != FALSE) {
                                while ($row = mysqli_fetch_assoc($resultx)) {
                                    ?>

                                    <tr>
                                        <td><?= $row['item_name']; ?></td>
                                        <td><?= $row['category']; ?></td>
                                        <td><?= $row['price']; ?></td>
                                        <td><?= $row['available_qty']; ?></td>
                                        <td><?= $row['available_qty']; ?></td>
                                        <td><a href="admin_update_item.php?id=<?= $row['id']; ?>">Update</a></td>
                                    </tr>
                                    <?php
                                }
                            }
                            ?>
                        </tbody>
                    </table>
<link href="css/jquery.dataTables.min.css" rel="stylesheet" type="text/css"/>
        <script src="js/jquery.dataTables.min.js" type="text/javascript"></script>
        <script type="text/javascript">
            $(document).ready(function () {
                $('#example').DataTable();
            });
        </script>]]></code>
    </codetemplate>
    <codetemplate abbreviation="printdiv" xml:space="preserve">
        <code><![CDATA[<script type="text/javascript">
    function PrintElem(elem)
{
    var mywindow = window.open('', 'PRINT', 'height=400,width=600');

    mywindow.document.write('<html><head><title>' + document.title  + '</title>');
    mywindow.document.write('</head><body >');
    mywindow.document.write('<h1>' + document.title  + '</h1>');
    mywindow.document.write(document.getElementById(elem).innerHTML);
    mywindow.document.write('</body></html>');

    mywindow.document.close(); // necessary for IE >= 10
    mywindow.focus(); // necessary for IE >= 10*/

    mywindow.print();
    mywindow.close();

    return true;
}
    </script>]]></code>
    </codetemplate>
</codetemplates>
