<?xml version="1.0" encoding="UTF-8"?>
<!DOCTYPE codetemplates PUBLIC "-//NetBeans//DTD Editor Code Templates settings 1.0//EN" "http://www.netbeans.org/dtds/EditorCodeTemplates-1_0.dtd">
<codetemplates>
    <codetemplate abbreviation="ifis" xml:space="preserve">
        <code><![CDATA[ if(isset()){}]]></code>
    </codetemplate>
    <codetemplate abbreviation="ciselectwhere" xml:space="preserve">
        <code><![CDATA[$this->db->select('hms_doctor_availability.*');
        $this->db->from('hms_doctor_availability');
        $where = " doctor_id = '" . $doctor_id . "'";
        $this->db->where($where);
        $query = $this->db->get();

        if ($query->num_rows() > 0) {
            return $query->result();
        } else {
            return FALSE;
        }]]></code>
    </codetemplate>
    <codetemplate abbreviation="loopdata" xml:space="preserve">
        <code><![CDATA[if ($resultPost != FALSE) {
                                 while ($row = mysqli_fetch_assoc($resultPost)) {
                                     
                                 }}]]></code>
    </codetemplate>
    <codetemplate abbreviation="echopre" xml:space="preserve">
        <code><![CDATA[echo '<tt><pre>'.var_export($response, TRUE).'</pre></tt>';]]></code>
    </codetemplate>
    <codetemplate abbreviation="cipostdata" xml:space="preserve">
        <code><![CDATA[   public function array_from_post($fields) {
        $data = array();
        foreach ($fields as $field) {
            $data[$field] = $this->input->post($field);
        }
        return $data;
    }]]></code>
    </codetemplate>
    <codetemplate abbreviation="cimethod" xml:space="preserve">
        <code><![CDATA[    public function getMethod($param) {
        $this->load->model(array(''));
        $data['msg'] = '';
        $this->load->view('',$data);
    }]]></code>
    </codetemplate>
</codetemplates>
